<?xml version="1.0" encoding="utf-8" ?>
<mapper namespace = "ReportSystem.com.mapper.CountMapper">
    <resultMap id = "UserCMapper" type = "UCount">
        <result property = "trans_time" column = "trans_time"></result>
        <result property = "trans_type" column = "trans_type"></result>
        <result property= "user_id" column="user_id"></result>
        <result property= "terminal_no" column="terminal_id"></result>
        <result property="number" column="num"></result>
        <result property="money" column="money"></result>
    </resultMap>
    <resultMap id = "CardCMapper" type = "CCount">
        <result property = "trans_time" column = "trans_time"></result>
        <result property="ticket_type" column="ticket_type"></result>
        <result property="chuBC" column="number"></result>
        <result property="chuTC" column="number"></result>
        <result property="puC" column="number"></result>
        <result property="xueC" column="number"></result>
        <result property="aiC" column="number"></result>
        <result property="totC" column="number"></result>
    </resultMap>
    <resultMap id="TCMapper" type="TCcount">
        <result property="line_id" column="line_id"></result>
        <result property="station_id" column="station_id"></result>
        <result property="terminal_no" column="terminal_no"></result>
        <result property="num" column="number"></result>
        <result property="deposit" column="deposit"></result>
        <result property="amount" column="amount"></result>
        <result property="ticket_type" column="ticket_type"></result>
    </resultMap>

</mapper>