<?xml version="1.0" encoding="UTF-8" ?>
<!DOCTYPE configuration
        PUBLIC "-//mybatis.org//DTD Config 3.0//EN"
        "http://mybatis.org/dtd/mybatis-3-config.dtd">
<configuration>
    <!--起别名-->
    <typeAliases>
        <package name="ReportSystem.com.pojo"/>
    </typeAliases>

    <environments default="development">
        <environment id="development">
            <transactionManager type="JDBC"/>
            <dataSource type="POOLED">
                <property name="driver" value="com.mysql.cj.jdbc.Driver"/>
                <property name="url" value="jdbc:mysql://localhost:3306/rggl?useUnicode=true&amp;characterEncoding=UTF-8"/>
                <property name="username" value="root"/>
                <property name="password" value="20021018"/>
            </dataSource>
        </environment>
    </environments>
    <mappers>
        <!--扫描mapper-->
        <mapper resource="ReportSystem/com.mapper/CountMapper.xml"></mapper>
        <mapper resource="ReportSystem/com.mapper/ExceptionMapper.xml"></mapper>
        <mapper resource="ReportSystem/com.mapper/UserMapper.xml"></mapper>
        <mapper resource="ReportSystem/com.mapper/detStatementMapper.xml"></mapper>
    </mappers>
</configuration>