<?xml version="1.0" encoding="UTF-8"?>
<!DOCTYPE mapper PUBLIC "-//mybatis.org//DTD Mapper 3.0//EN" "http://mybatis.org/dtd/mybatis-3-mapper.dtd">

<mapper namespace = "ReportSystem.com.mapper.CountMapper">
    <select id="selectUCByPageAndCondition" resultMap="UserCMapper">
        select *,count(*) as number,
        sum(case when ticket_type_map = "售卡" then deposit else trans_amount end) as money
        from trans_record
        <where>
            <if test="map != null">
                <if test="map.start_time!=null and map.end_time!=null">
                    trans_time between #{map.start_time} and #{map.end_time}
                </if>
                <if test="map.terminal_no!=null">
                    and terminal_no = #{map.terminal_no}
                </if>
                <if test="map.user_id!=null">
                    and user_id = #{map.user_id}
                </if>
            </if>
        </where>
        group by user_id,terminal_no,DATE_FORMAT(trans_time, '%Y-%m-%d'),trans_type
        limit ${map.currentPage},${map.pageSize}
    </select>
    <resultMap id = "UserCMapper" type = "ReportSystem.com.pojo.count.UCount">
        <result property = "trans_time" column = "trans_time"></result>
        <result property = "trans_type" column = "trans_type"></result>
        <result property= "user_id" column="user_id"></result>
        <result property= "terminal_no" column="terminal_no"></result>
        <result property="number" column="number"></result>
        <result property="money" column="money"></result>
    </resultMap>

    <select id="selectCCByPageAndCondition" resultMap="CardCMapper">
        select trans_time,ticket_type,count(*) as number
        from trans_record
        <where>
            <if test="map !=null">
                <if test="v.start_time !=null and map.end_time != null">
                    trans_time between #{map.start_time} and #{map.end_time}
                </if>
            </if>
        </where>
        group by ticket_type, DATE_FORMAT(trans_time, '%Y-%m-%d')
        limit ${map.currentPage},${map.pageSize}
    </select>
    <resultMap id = "CardCMapper" type = "ReportSystem.com.pojo.count.CCount">
        <result property = "trans_time" column = "trans_time"></result>
        <result property="ticket_type" column="ticket_type"></result>
        <result property="chuBC" column="number"></result>
        <result property="chuTC" column="number"></result>
        <result property="puC" column="number"></result>
        <result property="xueC" column="number"></result>
        <result property="aiC" column="number"></result>
        <result property="totC" column="number"></result>
    </resultMap>

    <select id="selectTCByPageAndCondition" parameterType="map" resultMap="TCMapper">
        select *,count(*) as number,sum(case when ticket_type_map = "售卡" then deposit else 0.0 end) as deposit, sum(case when ticket_type_map = "充值" then trans_amount else 0 end) as amount
        from trans_record
        <where>
            <if test="map !=null">
                <if test="map.start_time!=null and map.end_time!=null">
                    trans_time between #{map.start_time} and #{map.end_time}
                </if>
                <if test="map.terminal_no!=null">
                    and terminal_no = #{map.terminal_no}
                </if>
            </if>
                and terminal_no like 'T%' and trans_type = "现金支付"
        </where>
        group by terminal_no,DATE_FORMAT(trans_time, '%Y-%m-%d'),ticket_type,terminal_no
        limit ${map.currentPage},${map.pageSize}
    </select>

    <select id="selectTEByPageAndCondition" parameterType="map" resultMap="TCMapper">
        select *,count(*) as number,sum(case when ticket_type_map = "售卡" then deposit else 0.0 end) as deposit,sum(case when ticket_type_map = "充值" then trans_amount else 0 end) as amount
        from trans_record
        <where>
            <if test="map != null">
                <if test="map.start_time!=null and map.end_time!=null">
                    trans_time between #{map.start_time} and #{map.end_time}
                </if>
                <if test="terminal_no!=null">
                    and terminal_no = #{map.terminal_no}
                </if>
            </if>
                and terminal_no like 'T%' and trans_type="电子支付"
        </where>
        group by terminal_no,DATE_FORMAT(trans_time, '%Y-%m-%d'),ticket_type,terminal_no
        limit ${map.currentPage},${map.pageSize}
    </select>
    <resultMap id="TCMapper" type="ReportSystem.com.pojo.count.TCCount">
        <result property="line_id" column="line_id"></result>
        <result property="station_id" column="station_id"></result>
        <result property="terminal_no" column="terminal_no"></result>
        <result property="number" column="number"></result>
        <result property="money" column="deposit"></result>
        <result property="amount" column="amount"></result>
        <result property="ticket_type" column="ticket_type"></result>
    </resultMap>

    <select id="selectBCByPageAndCondition" parameterType="map" resultMap="BCMapper">
        select *,count(*) as number,
        sum(case when t.ticket_type_map="售卡" then c.deposit else 0 end) as deposit,
        sum(case when t.ticket_type_map="充值" then t.trans_amount else 0 end) as amount,
        sum(case when t.ticket_type_map="退卡" then c.deposit + c.balance else 0 end) as backup
        from trans_record t inner join card_info c on t.card_sn = c.card_sn
        <where>
        <if test="map != null">
            <if test="map.start_time!=null and map.end_time!=null">
                trans_time between #{map.start_time} and #{map.end_time}
            </if>
            <if test="map.terminal_no!=null">
                and terminal_no = #{map.terminal_no}
            </if>
        </if>
            and t.terminal_no like 'B%' and t.trans_type = "现金支付"
        </where>
        group by t.terminal_no,DATE_FORMAT(t.trans_time, '%Y-%m-%d'),t.ticket_type,t.trans_type
        limit ${map.currentPage},${map.pageSize}
    </select>
    <select id="selectBEByPageAndCondition" parameterType="map" resultMap="BCMapper">
        select *,count(*) as number,
        sum(case when t.ticket_type_map="售卡" then c.deposit else 0 end) as deposit,
        sum(case when t.ticket_type_map="充值" then t.trans_amount else 0 end) as amount,
        sum(case when t.ticket_type_map="退卡" then c.deposit + c.balance else 0 end) as backup
        from trans_record t inner join card_info c on t.card_sn = c.card_sn
        <where>
        <if test="map != null">
            <if test="map.start_time!=null and map.end_time!=null">
                trans_time between #{map.start_time} and #{map.end_time}
            </if>
            <if test="map.terminal_no!=null">
                and terminal_no = #{map.terminal_no}
            </if>
        </if>
            and t.terminal_no like 'B%' and t.trans_type = "电子支付"
        </where>
        group by t.terminal_no,DATE_FORMAT(t.trans_time, '%Y-%m-%d'),t.ticket_type,t.trans_type
        limit ${map.currentPage},${map.pageSize}
    </select>
    <resultMap id="BCMapper" type="ReportSystem.com.pojo.count.BCCount">
        <result property="line_id" column="line_id"></result>
        <result property="station_id" column="station_id"></result>
        <result property="terminal_no" column="terminal_no"></result>
        <result property="number" column="number"></result>
        <result property="deposit" column="deposit"></result>
        <result property="amount" column="amount"></result>
        <result property="ticket_type" column="ticket_type"></result>
    </resultMap>

    <select id="selectTOCByPageAndCondition" parameterType="map" resultMap="TOCMapper">
        select DATE_FORMAT(t.trans_time, '%Y-%m-%d') as trans_time,
        sum(case when t.trans_type = "现金支付" and t.ticket_type_map="售卡" then t.deposit else 0 end) as Ucashdeposit,
        sum(case when t.trans_type = "电子支付" and t.ticket_type_map ="售卡" then t.deposit else 0 end) as Uedeposit,
        sum(case when t.trans_type = "现金支付" and t.ticket_type_map ="充值"  then t.trans_amount else 0 end) as Ucashcharge,
        sum(case when t.trans_type = "电子支付" and t.ticket_type_map ="充值" then t.trans_amount else 0 end) as Uecharge,
        sum(case when t.trans_type = "现金支付" and t.ticket_type_map="售卡" and (t.terminal_no like 'T%' or 'B%') then t.deposit else 0 end) as Tcashdeposit,
        sum(case when t.trans_type = "电子支付" and t.ticket_type_map="售卡" and (t.terminal_no like 'T%' or 'B%') then t.deposit else 0 end) as Tedeposit,
        sum(case when t.trans_type = "现金支付" and t.ticket_type_map ="充值" and (t.terminal_no like 'T%' or 'B%') then t.trans_amount else 0 end) as Tcashcharge,
        sum(case when t.trans_type = "电子支付" and t.ticket_type_map ="充值" and (t.terminal_no like 'T%' or 'B%') then t.trans_amount else 0 end) as Techarge,
        sum(case when t.ticket_type ="二维码" and t.ticket_type_map ="上车" and p.order_status = 1 then t.trans_amount else 0 end) as Csell,
        sum(case when t.ticket_type ="二维码" and t.ticket_type_map ="充值" and p.order_status = 1 then t.trans_amount else 0 end) as Ccharge,
        sum(case when t.ticket_type ="二维码" and p.order_status = 2  then t.trans_amount else 0 end) as Cbackup,
        sum(case when t.ticket_type ="二维码" and p.order_status = 4  then t.trans_amount else 0 end) as Cbackuped
        from trans_record t inner join pay_union p on p.out_trade_no = t.out_trade_no
        <where>
        <if test="map !=null">
            <if test="map.start_time!=null and map.end_time!=null">
                trans_time between #{map.start_time} and #{map.end_time}
            </if>
        </if>
        </where>
        group by t.trans_type,t.ticket_type_map, DATE_FORMAT(t.trans_time, '%Y-%m-%d')
        limit ${map.currentPage},${map.pageSize}
    </select>
    <resultMap id="TOCMapper" type="ReportSystem.com.pojo.count.TOCount">
        <result column="trans_time" property="trans_time"></result>
        <result property="Tcashdeposit" column="Ucashdeposit"></result>
        <result property="Uedeposit" column="Uedeposit"></result>
        <result property="Ucashcharge" column="Ucashcharge"></result>
        <result property="Uecharge" column="Uecharge"></result>
        <result property="Tcashdeposit" column="Tcashdeposit"></result>
        <result property="Tedeposit" column="Tedeposit"></result>
        <result property="Tcashcharge" column="Tcashcharge"></result>
        <result property="Techarge" column="Techarge"></result>
        <result property="Cbackup" column="Cbackup"></result>
        <result property="Cbackuped" column="Cbackuped"></result>
        <result column="Csell" property="Csell"></result>
        <result column="Ccharge" property="Ccharge"></result>
    </resultMap>
</mapper>