<?xml version="1.0" encoding="UTF-8" ?>
<!DOCTYPE mapper
        PUBLIC "-//mybatis.org//DTD Mapper 3.0//EN"
        "http://mybatis.org/dtd/mybatis-3-mapper.dtd">
<mapper namespace="ReportSystem.com.mapper.detStatementMapper">
    <select id="getDetSellCard" resultMap="SellCard_resultMap">
        select *
        from trans_record
        <where>
            <if test="map != null">
                <if test="map.start_time!=null and map.end_time!=null">
                    trans_time between #{map.start_time} and #{map.end_time}
                </if>
                <if test="map.trans_type!=null">
                    and  trans_type = #{map.trans_type}
                </if>
                <if test="map.ticket_type!=null">
                   and ticket_type = #{map.ticket_type}
                </if>
                <if test="map.terminal_no!=null">
                  and  terminal_no = #{map.terminal_no}
                </if>
                <if test="map.user_id!=null">
                   and user_id = #{map.user_id}
                </if>
            </if>
            and ticket_type_map ="售卡"
        </where>
        limit ${map.currentPage},${map.pageSize}
    </select>
    <resultMap id="SellCard_resultMap" type="ReportSystem.com.pojo.detail.det_sellC">
        <result property="trans_sn" column="trans_sn" />
        <result property="trans_type" column="trans_type" />
        <result property="card_no" column="card_no" />
        <result property="card_issuer" column="card_issuer" />
        <result property="ticket_type" column="ticket_type" />
        <result property="sell_time" column="trans_time" />
        <result property="deposit" column="deposit" />
        <result property="balance" column="balance" />
        <result property="discount" column="discount" />
        <result property="terminal_no" column="terminal_no" />
        <result property="user_id" column="user_id" />
    </resultMap>


    <select id="getDetReturnCard" resultMap="ReturnCard_resultMap">
        select * ,(deposit + balance - trans_amount) as return_money
        from trans_record
        <where>
            <if test="map != null">
            <if test="map.start_time!=null and map.end_time!=null">
                trans_time between #{map.start_time} and #{map.end_time}
            </if>
            <if test="map.trans_type!=null">
                and  trans_type=#{map.trans_type}
            </if>
            <if test="map.ticket_type!=null">
                and ticket_type=#{map.ticket_type}
            </if>
            <if test="map.terminal_no!=null">
                and   terminal_no = #{map.terminal_no}
            </if>

            <if test="map.user_id!=null">
                and user_id = #{map.user_id}
            </if>
            </if>
            and ticket_type_map="退卡"
        </where>
        limit ${map.currentPage},${map.pageSize}
    </select>
    <resultMap id="ReturnCard_resultMap" type="ReportSystem.com.pojo.detail.det_returnC">
        <result property="trans_sn" column="trans_sn" />
        <result property="trans_type" column="trans_type" />
        <result property="card_no" column="card_no" />
        <result property="card_issuer" column="card_issuer" />
        <result property="ticket_type" column="ticket_type" />
        <result property="return_time" column="trans_time" />
        <result property="deposit" column="deposit" />
        <result property="balance" column="balance" />
       <result property="return_money" column="return_money"/>
        <result property="terminal_no" column="terminal_no" />
        <result property="user_id" column="user_id" />
    </resultMap>


    <select id="getDetRecharge" resultMap="recharge_resultMap">
        select *
        from trans_record
        <where>
            <if test="map != null">
            <if test="map.start_time!=null and map.end_time!=null">
                trans_time between #{map.start_time} and #{map.end_time}
            </if>
            <if test="map.trans_type!=null">
                and  trans_type=#{map.trans_type}
            </if>
            <if test="map.ticket_type!=null">
                and ticket_type=#{map.ticket_type}
            </if>
            <if test="map.terminal_no!=null">
                and   terminal_no = #{map.terminal_no}
            </if>

            <if test="map.user_id!=null">
                and user_id = #{map.user_id}
            </if>
            </if>
            and ticket_type_map="充值"
        </where>
        limit ${map.currentPage},${map.pageSize}
    </select>
    <resultMap id="recharge_resultMap" type="ReportSystem.com.pojo.detail.det_recharge">
        <result property="trans_sn" column="trans_sn" />
        <result property="trans_type" column="trans_type" />
        <result property="card_no" column="card_no" />
        <result property="card_issuer" column="card_issuer" />
        <result property="ticket_type" column="ticket_type" />
        <result property="recharge_time" column="trans_time" />
        <result property="balance" column="balance" />
        <result property="recharge_amount" column="trans_amount" />
        <result property="discount" column="discount" />
        <result property="terminal_no" column="terminal_no" />
        <result property="user_id" column="user_id" />
    </resultMap>

    <select id="getDetSwipCard" resultMap="SwipCard_resultMap">
        select *
        from trans_record
        <where>
            <if test="map != null">
            <if test="map.start_time!=null and map.end_time!=null">
                trans_time between #{map.start_time} and #{map.end_time}
            </if>
            <if test="map.card_no!=null">
                and  card_no like #{map.card_no}
            </if>
            <if test="map.ticket_type!=null">
                and ticket_type=#{map.ticket_type}
            </if>
            <if test="map.terminal_no!=null">
                and   terminal_no = #{map.terminal_no}
            </if>
            <if test="map.user_id!=null">
                and user_id = #{map.user_id}
            </if>
            </if>
            and ticket_type_map ='上车' and ticket_type != "二维码"
        </where>
        limit ${map.currentPage},${map.pageSize}
    </select>
    <resultMap id="SwipCard_resultMap" type="ReportSystem.com.pojo.detail.det_swipC">
        <result property="trans_sn" column="trans_sn" />
        <result property="trans_type" column="trans_type" />
        <result property="card_no" column="card_no" />
        <result property="card_issuer" column="card_issuer" />
        <result property="ticket_type" column="ticket_type" />
        <result property="swipCard_time" column="trans_time" />
        <result property="balance" column="balance" />
        <result property="swipCard_amount" column="trans_amount" />
        <result property="discount" column="discount" />
        <result property="terminal_trans_index" column="terminal_trans_index" />
        <result property="terminal_no" column="terminal_no" />
        <result property="tac" column="tac" />
    </resultMap>


    <select id="getDetScanCode" resultMap="ScanCode_resultMap">
    select *
    from trans_record t inner join pay_union p on t.out_trade_no = p.out_trade_no
    <where>
    <if test="map != null">
        <if test="map.start_time!=null and map.end_time!=null">
            trans_time between #{map.start_time} and #{map.end_time}
        </if>
        <if test="map.voucher_no!=null">
            and  voucher_no = #{map.voucher_no}
        </if>
    </if>
        and ticket_type_map ='上车' and ticket_type = "二维码"
    </where>
        limit ${map.currentPage},${map.pageSize}
    </select>
    <resultMap id="ScanCode_resultMap" type="ReportSystem.com.pojo.detail.det_scanCode">
        <result property="trans_sn" column="trans_sn" />
        <result property="voucher_no" column="voucher_no" />
        <result property="ticket_type" column="ticket_type" />
        <result property="trans_time" column="trans_time" />
        <result property="trans_type" column="trans_type" />
        <result property="scanCode_amount" column="trans_amount" />

    </resultMap>

</mapper>