<?xml version="1.0" encoding="UTF-8" ?>
<!DOCTYPE mapper
        PUBLIC "-//mybatis.org//DTD Mapper 3.0//EN"
        "http://mybatis.org/dtd/mybatis-3-mapper.dtd">
<mapper namespace="ReportSystem.com.mapper.ExceptionMapper">
    <select id="selectECAll" resultMap="ExcMapper">
        select downloaded_bill.out_trade_no as d_out_trade_no,downloaded_bill.total_fee as d_total_fee,downloaded_bill.order_type as d_order_type,
             downloaded_bill.order_status as d_order_status,downloaded_bill.out_refund_no as d_out_refund_no,downloaded_bill.refund_status as d_refund_status,
            pay_union.order_status as p_order_status,pay_union.order_type as p_order_type,pay_union.total_fee as p_total_fee,
            DATE_FORMAT(trans_record.trans_time, '%Y-%m-%d') as trans_time,
            trans_record.trans_amount as t_trans_amount,trans_record.trans_sn as t_trans_amount
        from (downloaded_bill inner join pay_union on pay_union.out_trade_no = downloaded_bill.out_trade_no) inner join trans_record on pay_union.out_trade_no = trans_record.out_trade_no and trans_record.trans_time = downloaded_bill.trans_time
        <where>
        <if test="map != null">
            <if test="map.start_time!=null and map.end_time!=null">
                trans_record.trans_time between #{map.start_time} and #{map.end_time}
            </if>
        </if>
        and (pay_union.total_fee != downloaded_bill.total_fee
        or pay_union.order_status != downloaded_bill.order_status
        or pay_union.order_type != downloaded_bill.order_type)
        </where>
        limit ${map.currentPage},${map.pageSize}
    </select>
    <resultMap id="ExcMapper" type="ReportSystem.com.pojo.check.Except">
        <result property="out_trade_no" column="d_out_trade_no"></result>
        <result property="trans_time" column="trans_time"></result>
        <result property="D_status" column="d_order_status"></result>
        <result property="D_amount" column="d_total_fee"></result>
        <result property="D_type" column="d_order_type"></result>
        <result property="D_refund_no" column="d_out_refund_no"></result>
        <result property="D_refund_status" column="d_refund_status"></result>
        <result property="P_type" column="p_order_type"></result>
        <result property="P_status" column="p_order_status"></result>
        <result property="P_amount" column="p_total_fee"></result>
        <result property="T_amount" column="t_trans_amount"></result>
        <result property="T_sn" column="t_trans_amount"></result>
    </resultMap>

    <select id="selectETAll" resultMap="ExTotalMapper">
        select t.trans_time as trans_time,sum(case when d.order_status = 1 then d.total_fee else 0 end) as t_amount,
               sum(case when d.order_status = 2 then d.total_fee else 0 end) as tr_amount,
               count(t.trans_sn) as t_number,
               sum(case when t.trans_type != "退款" then t.trans_amount else 0 end) as s_amount,
               sum(case when t.trans_type = "退款" then t.trans_amount else 0 end) as sr_amount,
               count(d.id) as s_number
        from downloaded_bill d,trans_record t
        <where>
        <if test="map != null">
            <if test="map.start_time!=null or map.end_time!=null">
                t.trans_time between #{map.start_time} and #{map.end_time}
            </if>
        </if>
        </where>
        group by DATE_FORMAT(t.trans_time,'%Y-%m-%d')
        limit ${map.currentPage},${map.pageSize}
    </select>

    <resultMap id="ExTotalMapper" type="ReportSystem.com.pojo.check.ExcTotal">
        <result property="trans_time" column="trans_time"></result>
        <result property="t_amount" column="t_amount"></result>
        <result property="t_refund" column="tr_amount"></result>
        <result property="t_number" column="t_number"></result>
        <result property="t_total" column="t_amount"></result>
        <result property="s_amount" column="s_amount"></result>
        <result property="s_refund" column="sr_amount"></result>
        <result property="s_number" column="s_number"></result>
        <result property="s_total" column="s_amount"></result>
    </resultMap>

</mapper>